Отчет IMPRO v.1.0 build-727         << S_MARKET >>;;;
ПРАЙС ИМПРО ОБЩИЙ;;;
Дата: 05.05.2026;;;
Склад:   ОСНОВНОЙ СКЛАД;;;
Дни:   ;;;
Реквизиты идополнительные данные;;;
Торговая точка:   Gastro Mir;;;
;;;
№ п/п;Товар;;Производитель
;  БАКАЛЕЯ ;;
1;" Томатная паста ""Фая"" 4.5 кг";3 751,00;
2;"Кисель "" ASYL"" 1 кг";814,00;Казахстан
3;"Кисель ""Вкусный Миг"" 1кг (в ассортименте)";825,00;Россия
4;"Лапша Ашлян-фу ""ЖУЙ СИНЬ"" 0,16кг";330,00;Китай
5;"Лапша РАМЕН ""MILD"" 5шт*0,12кг (желтый)";495,00;Корея
6;"Лапша РАМЕН ""SAMAYANG CHEESE"" 5шт*0,12кг (желтый)";847,00;Корея
7;"Лапша Рамен ""SAMAYANG"" 5шт*0,12кг (оранжевый)";646,80;Корея
8;"Лапша Рамен ""Shin"" 5шт*0,12кг (красный)";561,00;Корея
9;"Лапша Рамен ""SHINN CHEESE"" 5шт*0,12 кг (желтый)";715,00;Корея
10;"Лапша Рамен ""САРИ"" ( без приправ ) Ottogi 110 гр";253,00;Китай
11;"Лапша Рисовая ""AROY-D"" 5мм 0,454кг";1 694,00;Таиланд
12;"Лапша Фунчоза ""ЮНН"" Тапинамбур 0,4кг";748,00;Китай
13;"Лапша рисовая ""MIDORI"" 0,38кг";1 573,00;Китай
14;Листья бамбука 150 гр;2 420,00;Китай
15;"Макароны ""САЛЕМ"" вермишель 5кг ";2 534,40;Казахстан
16;"Макароны ""САЛЕМ"" витки 5кг";2 534,40;Казахстан
17;"Макароны ""САЛЕМ"" паутинка 5кг ";2 534,40;Казахстан
18;"Макароны ""САЛЕМ"" перья 5кг ";2 534,40;Казахстан
19;"Макароны ""САЛЕМ"" ракушки 5кг ";2 534,40;Казахстан
20;"Макароны ""САЛЕМ"" рожки гладкие 5кг ";2 534,40;Казахстан
21;"Макароны ""САЛЕМ"" рожки рифленые 5кг ";2 534,40;Казахстан
22;"Макароны ""САЛЕМ"" спираль 5кг ";2 534,40;Казахстан
23;"Макароны ""ЦЕСНА"" в ассортименте 1.6кг ";2 200,00;Казахстан
24;"Молоко кокосовое ""AROY-D"" 0,5л ";1 694,00;Корея
25;Морская капуста сушенная 0,11кг;550,00;Китай
26;"Огурцы маринованные ""Айдынов"" 2л";946,00;Казахстан
27;"Помидоры черри ""VIT VIT"" 0.67л";935,00;
28;"Рисовая бумага ""AROY-D"" D22 0.454кг";2 860,00;Таиланд
29;Сахар 25кг;12 705,00;Казахстан
30;Сахар 50кг;25 080,00;Казахстан
31;Сахар в стик-пакетах 5гр.;7,70;Россия
32;"Сахар рафинад ""CRYSTAL"" 0,9кг";847,00;Казахстан
33;"Сахар тростниковый ""FOODREM"" 1кг";2 277,00;Корея
34;Сахар фасовка 5кг ;2 442,00;Казахстан
35;"Соевый соус ""KIKKOMAN"" 19л (оригинал)";36 784,00;Китай
36;Соль Гималайская 1кг (крупная) ;1 089,00;Пакистан
37;Соль Гималайская 1кг (мелкая) ;1 089,00;Пакистан
38;"Спаржа ""ЮНН"" 0,23кг сушеная";572,00;Китай
39;"Тарталетки ""ХОМА"" 0,2 кг";792,00;Казахстан
40;Тесто для спринг роллов 40листов;1 980,00;Китай
41;"Фасоль белая ""BONDUELLE"" 0.425кг ";946,00;Россия
42;"Фасоль белая в т\с ""Bonduelle"" 0,425кг";946,00;
43;"Фунчоза ""АЛМАТЫ"" 0,25кг";407,00;Казахстан
44;"Фунчоза ""ДРАКОН"" 0,24кг";451,00;Китай
45;"Фунчоза ""ЮНН"" 0,24кг";682,00;Китай
;  КОЛБАСНЫЕ ИЗДЕЛИЯ И Х/К;;
1;"Ветчина говяжья полукопченая ""АЛИАН"" (вес)";2 255,00;Казахстан
2;"Ветчина говяжья полукопченая ""АРЫС"" (вес)";2 420,00;Казахстан
3;Говядина х/к (вес);6 050,00;Беларусь
4;"Закуска ""Деревенская"" варено-копченая (вес)";3 740,00;Казахстан
5;"Колбаса НАРЛЕН ""Прима""  0,5кг";1 331,00;Казахстан
6;"Колбаса пеперони ""МЯСОДЕЛ"" 0,37 кг";1 342,00;Казахстан
7;"Колбаса пепперони нарезка ""HORECA"" 0,5кг";2 728,00;Россия
8;"Колбаса пепперони нарезка ""HORECA"" 1кг";5 940,00;Россия
9;"Колбаса полукопченая ""МАКСИМОВКА"" (вес)";2 607,00;Казахстан
10;"Колбаса полукопченая ""МАРИЯМ"" (вес)";2 332,00;Казахстан
11;"Колбаса полукопченая Столичная ""НАТУРАЛКА"" (вес)";1 375,00;Казахстан
12;"Колбаса сервелат ""АКБАР"" (вес)";1 463,00;Казахстан
13;"Колбаски Кнут ""СТОЛИЧНЫЕ"" (вес)";1 705,00;Казахстан
14;"Колбаски охотничьи  ""АЛИАН"" (вес) ";1 375,00;Казахстан
15;Колбаски охотничьи НАРЛЕН (вес);4 851,00;Казахстан
16;"Конина варено-копченое ""ЖАЯ"" (вес)";5 445,00;Казахстан
17;"Рулет куринный  ""МЯСОДЕЛ"" (вес)";3 234,00;Казахстан
18;"Салями ""NARLEN"" варено-копченая (вес) ";1 430,00;Казахстан
19;Салями Нарлен 0,85кг;3 905,00;Казахстан
20;"Сардельки ""Арыс"" (вес)";1 375,00;Казахстан
21;Сервелат Ет (700 гр);1 045,00;Казахстан
22;"Сосиски ""МОЛОДЕЖНЫЕ"" с/м";473,00;Россия
23;"Сосиски ""НАРЛЕН"" говяжьи  460гр";1 573,00;Казахстан
24;"Сосиски ""НАРЛЕН"" куринные  460гр";1 496,00;Казахстан
25;"Сосиски ""НАРЛЕН"" молочные  460гр";1 474,00;Казахстан
26;"Сосиски ""СИЛА"" с/м";2 695,00;Россия
27;"Сосиски Кнут говяжий ""АЛИАН"" (вес)";1 760,00;Казахстан
28;Сосиски Ясмин ( Арыс) говяжьи;1 375,00;Казахстан
29;Филе Индейка х/к вакуум;6 050,00;Россия
30;"Филе Утки х/к ""ROKOS"" (вес)";3 850,00;Россия
31;Филе курин. х/к Максимовка Арыс;3 091,00;Казахстан
32;Бастурма;18 500,00;Казахстан
;  КОНДИТЕРСКИЕ;;
1;"Арахисовая паста ""Bowl Basket"" 0.462кг";2 662,00;США
2;"Варенье ""ЖУЛДЫЗ"" клубника 4л";5 830,00;Казахстан
3;"Варенье ""ЖУЛДЫЗ"" малина в  4л";5 940,00;Казахстан
4;"Варенье ""КАРЛСОН"" в ассортименте 6,8л.";6 600,00;Россия
5;"Варенье ""КАРЛСОН"" смородина 4кг";3 960,00;Россия
6;"Варенье"" КАРЛСОН"" абрикос 4 Л";4 290,00;Россия
7;"Варенье""КАРЛСОН"" клубника 4 Л";4 532,00;Россия
8;"Варенье""КАРЛСОН"" лимон имбирь 4 Л";3 960,00;Россия
9;"Варенье""КАРЛСОН"" малина 4 Л";4 543,00;Россия
10;"Готовый завтак ""Хрутка"" хлопья 0,7 кг ";2 420,00;Россия
11;"Джем  ""МАХЕЕВ"" персик манго  0,3 КГ";715,00;Россия
12;"Джем  ""МАХЕЕВ"" тропические фрукты 0,3 КГ";814,00;Россия
13;"Джем ""ANDROS"" в ассортименте 1кг";3 850,00;Россия
14;"Джем ""МАХЕЕВ"" апельсин 0,3,кг ";825,00;Россия
15;"Джем ""МАХЕЕВ"" клубника 0,3  кг";836,00;Россия
16;"Джем ""МАХЕЕВ"" лесная ягода 0,3 КГ";605,00;Россия
17;"Джем ""МАХЕЕВ"" лимон 0,3 КГ";715,00;Россия
18;"Джем ""МАХЕЕВ"" малина 0,3 КГ";836,00;Россия
19;"Какао ""АСЫЛ HORECA"" 1кг";2 695,00;Казахстан
20;"Какао напиток ""NESQUIK"" 1 кг";5 610,00;Россия
21;"Клубника в сиропе ""ДИВА"" 580гр. стекло";1 045,00;Китай
22;Конфитюр Алоэ 1кг;3 751,00;Корея
23;"Краситель ""ТOP DECOR"" (белый) 0,1кг";1 452,00;Россия
24;"Краситель ""ТOP DECOR"" (голубой) 0,1кг";1 100,00;Россия
25;"Краситель ""ТOP DECOR"" (желтый) 0,1кг";1 210,00;Россия
26;"Краситель ""ТOP DECOR"" (зеленый) 0,1кг";1 100,00;Россия
27;"Краситель ""ТOP DECOR"" (коричневый) 0,1кг";1 331,00;Россия
28;"Краситель ""ТOP DECOR"" (красный) 0,1кг";1 320,00;Россия
29;"Краситель ""ТOP DECOR"" (оранжевый) 0,1кг";1 100,00;Россия
30;"Краситель ""ТOP DECOR"" (розовый) 0,1кг";1 100,00;Россия
31;"Краситель ""ТOP DECOR"" (синий) 0,1кг";1 100,00;Россия
32;"Краситель ""ТOP DECOR"" (черный) 0,1кг";2 200,00;Россия
33;Манго в сиропе 425мл;990,00;Россия
34;Мед искусственый 1кг;671,00;Казахстан
35;Мед искусственый 5л;3 960,00;Казахстан
36;"Печенье ""ОREO"" 4кг";10 362,00;Россия
37;Печенье Савоярди;1 892,00;Италия
38;"Сгущеное молоко ""3 ЖЕЛАНИЯ"" 0,38кг";550,00;Россия
39;"Сгущеное молоко ""ДЕП"" 0,6 кг ж/б ";1 606,00;Россия
40;"Сгущеное молоко ""ДЕП"" 0,7л";1 573,00;Россия
41;"Сгущеное молоко ""ЛЮБАВИНКА"" 1,43кг";1 936,00;Россия
42;"Сгущеное молоко вареное ""ДЕП"" 0,6кг";1 815,00;Россия
43;"Шоколад ""RESTORA"" 1кг";7 150,00;Италия
44;"Шоколад ""КАЗАХСТАН"" 0,1кг";946,00;Казахстан
45;"Шоколадная паста ""NUTELLA""  630гр";4 664,00;Россия
46;"Шоколадная паста ""NUTELLA"" 3кг";21 175,00;Россия
;  КОНСЕРВАЦИЯ;;
1;"Аджика ""ДинДин/Дракон"" 0,285л";363,00;Казахстан
2;"Аджика ""ЦИН КАЗ"" 0,37л";825,00;Казахстан
3;"Ананас консервированный ""AGROSSO"" 0,85л ";1 287,00;Россия
4;"Анчоусы  ""DELICIOUS"" 0,078кг (стекло)";3 388,00;Италия
5;"Анчоусы ""DELICIOUS"" 0,7кг";15 730,00;Италия
6;"Анчоусы ""ROLAND"" 0,056кг (красный)";2 266,00;Морокко
7;"Анчоусы в масле ""RE FILETTO""  0.075 кг";2 783,00;Италия
8;"Артишок "" ITALCARCIORI"" 0,314кг";1 694,00;Италия
9;"Артишок ""ITALCARCIORI"" 0,58кг";3 085,50;Италия
10;"Горошек зеленый ""BONDUELLE"" 0,425кг";968,00;Россия
11;"Горошек зеленый ""MIKADO"" 0,425кг ";638,00;Россия
12;Горошек зеленый дешевый ж/б 400гр.;341,00;Россия
13;Грибы Грузди маринованные 580гр;1 045,00;Россия
14;"Грибы ШИИТАКЕ маринованные ""DIVA"" 0,58л";990,00;Россия
15;Грибы ШИИТАКЕ сушеные 1кг;6 380,00;Китай
16;"Каперсы ""ITALCARCIOFI"" 0,212л";1 375,00;Италия
17;"Каперсы ""ITALCARCIOFI"" 0,72л";3 300,00;Италия
18;"Каперсы с веточкой ""DEMETRA"" 1,7л";20 350,00;Италия
19;"Каперсы с веточкой ""ITALCARCIOFI"" 0,72л";3 850,00;Италия
20;"Корнишоны ""VIT VIT"" 0,72л";748,00;Узбекистан 
21;"Корнишоны ""АSANYCH""  0,72л ";880,00;Россия
22;"Корнишоны индийские пикули ""ЭКОС"" 0,67л";913,00;Россия
23;"Кукуруза консервированная ""BONDUELLE"" 0,425л";968,00;Россия
24;Кукуруза консервированная 0,425кг ж\б (деш);330,00;Россия
25;"Кукуруза консервированная сахарная ""MIKADO"" 0,425кг ";638,00;Россия
26;Кукурузные початки маринованные 0.37л;814,00;Россия
27;"Маслины ""KING"" целые черные 0,28кг";572,00;Турция
28;"Маслины ""OLIVETTA"" без косточки 3л";5 324,00;Россия
29;"Маслины Каламата ""DEMETRA"" 1,7л ";18 425,00;Италия
30;"Маслины гигант ""ITALCARCIOFI"" с косточкой 0,58кг (стекло)";2 783,00;Италия
31;"Маслины резаные ""GREEN KING"" 3л";6 765,00;Россия
32;"Огурцы маринованные ""АЗАМАТ"" 2л";1 155,00;Казахстан
33;"Огурцы маринованные ""КЕРЕМЕТ"" 2л";902,00;Казахстан
34;"Оливки ""KING"" без косточки зеленые 0,28кг";682,00;Турция
35;"Оливки гигант ""TALCARCIOFI"" с косточкой 0,58кг (стекло)";2 662,00;Италия
36;"Оливки зеленные""Sun Feel"" 3кг";5 324,00;
37;"Опята маринованные  ""ДИВА\ЭКОС"" 0,58л";1 056,00;Россия
38;"Паста Том Ям ""AROY-D"" 0.4кг";2 145,00;Таиланд
39;"Паста Том Ям ""AROY-D"" 1кг";4 664,00;Таиланд
40;"Патиссоны маринованные ""ЭКОС"" 0,67л";836,00;Россия
41;"Перец стручковый маринованный ""YAKAMOZ"" 0,37кг";1 100,00;Турция
42;"Перец стручковый маринованный ""YAKAMOZ"" 0,72кг";2 123,00;Турция
43;"Персик консервированный ""AGROSSO"" 0,86";1 078,00;Россия
44;"Помидоры вяленые ""ITALCARCIOFI"" 0,58л";2 662,00;Италия
45;"Помидоры вяленые ""ITALCARCIOFI"" 0,72л";3 388,00;Италия
46;"Помидоры вяленые ""ITALCARCIOFI"" 1,062л";4 070,00;Италия
47;"Помидоры вяленые ""ITALCARCIOFI"" 3,1л";11 220,00;Италия
48;"Помидоры вяленые ""ITALCARСIOFI"" 0,314л";1 815,00;Италия
49;"Тунец ""Аквамарин"" в собстввенном соку\в масле 1,7кг";9 075,00;Россия
50;"Тунец ""Аквамарин/Пеликан"" 0,185кг";1 210,00;Россия
51;"Тунец ""ПЕЛИКАН"" в масле 1,7кг";8 712,00;Турция
52;"Тунец филе ""TUNA"" в масле 0.14кг";1 254,00;Казахстан
53;Фасоль белая 0,425кг (деш) ;385,00;Россия
54;"Фасоль белая в т\с ""МIKADO"" 0,425кг";605,00;Россия
55;"Фасоль красная ""BONDUELLE"" 0,425кг";946,00;Россия
56;Фасоль красная 0,42кг ж\б (деш);380,60;Россия
57;"Фасоль красная в с\с ""МIKADO"" 0,425кг";528,00;Россия
58;"Фасоль красная в т\с ""MIKADO"" 0,425кг";566,50;Россия
59;"Халапеньо ""YAKAMOZ"" 0,37кг";1 155,00;Турция
60;"Халапеньо ""YAKAMOZ"" 0,72кг";2 035,00;Турция
61;"Халапеньо ""YAKAMOZ"" 5кг";9 482,00;Турция
62;"Халапеньо ""YAKAMOZ"" перчик 5кг";9 474,30;Турция
63;"Халапеньо ""АЛМАТЫ"" перчик 5кг";2 750,00;Казахстан
64;"Халапеньо ""АЛМАТЫ"" резаные 5 кг";2 662,00;Казахстан
65;"Хрен ""МАХЕЕВ"" 0,14кг (мягкая упаковка)";473,00;Россия
66;"Хрен ""МАХЕЕВ"" 0,19кг (стекло)";682,00;Россия
67;"Черри консервированные ""ACANYH"" 0,72л";990,00;Узбекистан 
68;"Черри консервированные ""АВРОРА/ЭКОС"" 0,72л";715,00;Россия
69;"Шампиньоны  резанные ""GOODDAY "" 3 л";1 936,00;Китай
70;"Шампиньоны консервированные резанные ""GREEN CLUB"" 3л";4 235,00;Китай
71;"Шампиньоны консервированные резанные ""KING"" 3л ж\б";1 721,50;
72;"Шампиньоны консервированные резанные ""VEGDA"" 3л ж\б";1 911,80;Турция
73;"Шампиньоны консервированные резанные ""ЭКО LAND"" 3л";4 235,00;Россия
74;"Шампиньоны консервированные резаные""AGROSSO"" 3л";1 760,00;Россия
75;"Шампиньоны консервированные целые ""AGROSSO"" 3л ж\б";3 850,00;
76;"Шампиньоны консервированные целые ""ЭКО LAND"" 3л";4 356,00;Россия
77;"Шампиньоны маринованные ""DIVA"" 0,53/0,58г";1 089,00;Россия
;  КРУПЫ;;
1;"Булгур ""ВИП"" 0,8кг";913,00;Турция
2;Булгур 25кг;26 620,00;Турция
3;Булгур фасованный по 5кг;5 335,00;Казахстан
4;"Геркулес ""АЛТАЙСКАЯ СКАЗКА"" 0,4кг";275,00;Казахстан
5;"Геркулес ""ВИП""  0,4кг";220,00;Россия
6;"Геркулес ""ВИП""  4 злака  0,4кг";308,00;Россия
7;"Геркулес ""ВИП"" 3 злака 0,4кг";308,00;Россия
8;"Геркулес ""УВЕЛКА""  0,4кг";605,00;Россия
9;"Геркулес ""УВЕЛКА"" 6 злаков 0,35кг";704,00;Россия
10;Геркулес овсяные хлопья (вес);5 500,00;Казахстан
11;Геркулес фасовка 3кг;847,00;Россия
12;"Горох ""АЛТАЙСКАЯ СКАЗКА"" 0,8кг";495,00;Казахстан
13;"Горох ""ВИП"" колотый 0,8кг";484,00;Россия
14;Горох 25кг;7 568,00;Россия
15;Горох фасовка 5кг;1 518,00;Россия
16;Гречневая зеленая крупа (вес) ;13 612,50;Россия
17;"Гречневая крупа ""АЛТАЙСКАЯ СКАЗКА"" 0,8кг";330,00;Казахстан
18;"Гречневая крупа ""ВИП"" 0,8кг";473,00;Россия
19;Гречневая крупа (вес);338,80;Россия
20;Гречневая крупа фасовка 5кг;1 595,00;Россия
21;Киноа белая 1кг;2 310,00;Казахстан
22;Киноа белая 2 кг;8 712,00;
23;Киноа красная 1 кг;5 280,00;Казахстан
24;Киноа черная (вес);6 050,00;Казахстан
25;Киноа черная 1 кг;5 280,00;Казахстан
26;"Крупа ""ЦАРЬ"" экстра 0,4кг";638,00;Россия
27;Крупа Булгур 1кг (вес);1 067,00;Турция
28;"Крупа ЦАРЬ ""5 злаков"" 0,4кг";442,20;Россия
29;"Крупа ЦАРЬ ""7 злаков"" 0,4кг";473,00;Россия
30;Крупа перловая (вес);4 840,00;Россия
31;"Кукурузная крупа ""ВИП"" 0,7кг";407,00;Россия
32;Кукурузная крупа (вес);10 725,00;Россия
33;Кукурузная крупа фасовка 5кг;2 145,00;
34;"Кускус ""Granoro"" 1кг";2 541,00;Турция
35;"Кускус ""УВЕЛКА"" 0,4кг";880,00;Россия
36;"Манная крупа ""АЛТАЙСКАЯ СКАЗКА"" 0,7кг";330,00;Казахстан
37;"Манная крупа ""ВИП"" 0,7кг";385,00;Россия
38;Манная крупа (вес);330,00;Россия
39;Манная крупа фасовка 5кг;1 518,00;Казахстан
40;Маш (вес);1 155,00;Узбекистан 
41;Маш фасовка 5кг;5 203,00;Узбекистан 
42;Нут 1кг;847,00;Узбекистан 
43;Нут фасованный 5кг;1 749,00;Узбекистан 
44;Овсяные хлопья УВЕЛКА 0,35кг;715,00;Россия
45;Отруби вес.;154,00;Казахстан
46;Отруби фасовка 2кг;308,00;Казахстан
47;"Перловая крупа ""ВИП"" 0,8кг";369,60;Россия
48;Перловая крупа фасовка 5кг;968,00;Россия
49;"Птитим ""УВЕЛКА"" 0,45кг ";1 518,00;Россия
50;"Пшеничная крупа ""ВИП"" 0,6кг";264,00;Россия
51;Пшеничная крупа (вес);220,00;Россия
52;Пшеничная крупа фасовка 5кг;1 100,00;Россия
53;"Пшено ""АЛТАЙСКАЯ СКАЗКА"" 0,8кг";473,00;Казахстан
54;"Пшено ""ВИП"" 0,8кг";451,00;Россия
55;Пшено вес.;1 386,00;Россия
56;Пшено фасовка 5кг;1 452,00;Россия
57;РИС БАСМАТИ 25КГ;29 865,00;Индия
58;"Рис ""БАНЗАЙ"" 25 кг";21 175,00;Корея
59;"Рис ""БАНЗАЙ"" фасовка 5кг";3 740,00;Корея
60;"Рис ""БАСМАТИ"" 5кг";6 963,00;Турция
61;"Рис ""БЕРЕКЕ"" 5 кг";2 585,00;Казахстан
62;"Рис ""КАМОЛИНО"" 25кг.";10 780,00;Казахстан
63;"Рис ""КАМОЛИНО"" 4.5кг (банка)";2 420,00;Казахстан
64;"Рис ""ЛАЗЕР"" 25кг";33 275,00;Узбекистан 
65;"Рис ""ЛАЗЕР"" 30кг";30 855,00;Узбекистан 
66;"Рис ""ЛАЗЕР"" фасовка 5кг";5 148,00;Узбекистан 
67;"Рис ""ЛИДЕР"" 25кг";8 250,00;Казахстан
68;"Рис ""ШИНАКИ"" 25кг.";21 780,00;Корея
69;"Рис ""ШИНАКИ"" фасовка 5кг";4 290,00;
70;"Рис ""ЯПОША"" 25кг";13 915,00;Россия
71;Рис Арборио 1кг;4 686,00;Италия
72;Рис Баракат/Айдана/Мерей 5кг.;2 310,00;Казахстан
73;Рис Камолино фасованный 5кг;2 486,00;Казахстан
74;Рис басмати  фасовка 5 кг;6 930,00;Индия
75;"Рис басмати ""УВЕЛКА"" 0,5кг";1 650,00;Россия
76;"Рис бурый ""УВЕЛКА"" 0,5кг";770,00;Россия
77;"Рис дикий ""УВЕЛКА"" 0,35кг";4 950,00;Россия
78;"Рис дикий черный ""GALLO"" 0.5кг";3 487,00;Италия
79;"Рис жасмин ""УВЕЛКА"" 0,5кг";1 562,00;Россия
80;Фасоль белая (вес);1 633,50;Россия
81;Фасоль белая фасовка 5кг;6 897,00;Россия
82;"Фасоль красная ""ВИП"" 0,7кг ";1 298,00;Россия
83;Фасоль красная (вес);1 210,00;Россия
84;Фасоль красная 25кг;27 500,00;Россия
85;Фасоль красная фасовка 5кг;3 938,00;Россия
86;"Чечевица ""ВИП"" 0,7кг";671,00;Россия
87;Чечевица 25кг;11 979,00;Россия
88;Чечевица фасовка 5кг;2 486,00;Россия
89;"Ячневая крупа ""АЛТАЙСКАЯ СКАЗКА"" 0,8кг";302,50;Казахстан
90;"Ячневая крупа ""ВИП"" 0,6кг";308,00;Россия
91;Ячневая крупа (вес);170,50;Россия
92;Ячневая крупа фасовка 5кг;1 155,00;Россия
;  МАСЛА И ЖИРЫ;;
1;"Жир фритюрный ""Вегафрай"" 5л ";5 335,00;Россия
2;"Жир фритюрный ""Вегафрай"" 7,5лит (6,9-7кг)";7 700,00;Россия
3;"Маргарин ""203"" для слоеного теста 80% 10 кг";12 100,00;Казахстан
4;"Маргарин ""271"" для слоеного теста 70% 10кг";11 011,00;Казахстан
5;"Маргарин ""ГУДПРОДУКТ"" 1кг";1 052,70;Россия
6;"Маргарин ""МАРГО"" для песочного теста 20кг";31 900,00;Россия
7;"Маргарин ""ЩЕДРОЕ ЛЕТО"" 72% 0,5кг";1 925,00;Казахстан
8;"Маргарин ""ЩЕДРОЕ ЛЕТО"" 72% 1кг";1 996,50;Казахстан
9;"Маргарин ""ЭКОСЛАЙС"" для слоеного теста 82% 10кг";14 520,00;Россия
10;"Маргарин ""ЭКОУНИВЕРСАЛ"" 20кг";26 620,00;Россия
11;"Маргарин 3 ЖЕЛАНИЯ ""Пампушка"" 0,18кг";198,00;Россия
12;Маргарин для слоен.теста 570%5*2 эколин вес 10кг ( Марго);15 125,00;Россия
13;"Масло ""КРЕСТЬЯНСКОЕ"" сливочно-растит. спред 72,5% 1кг";1 694,00;Казахстан
14;"Масло кунжутное ""ЖУ СИН/ЮНН"" 0,48л (стекло)";1 705,00;Китай
15;"Масло оливковое ""BLACK"" 5л ж/б";9 350,00;Италия
16;"Масло оливковое ""CONOLIO"" 5л";14 850,00;Италия
17;"Масло оливковое ""CONOLIO""1л";3 410,00;Италия
18;"Масло оливковое ""ITALI OLIV"" 5л ж/б";9 020,00;Италия
19;"Масло оливковое ""OLIV OIL""  5л (пластик)";8 360,00;Испания
20;"Масло оливковое ""OLIV OIL"" 0,25л";891,00;Испания
21;"Масло оливковое ""OLIV OIL"" 5л ж/б";8 470,00;Испания
22;"Масло оливковое ""OLIVETTA"" 5л (пластик)";15 730,00;Испания
23;"Масло оливковое ""ROMA"" 1л (стекло)";3 509,00;Испания
24;"Масло оливковое ""VKUSNEL"" 0,5л";1 650,00;Испания
25;"Масло оливковое ""VKUSNEL"" 5л";9 020,00;Испания
26;Масло оливковое Oliv Oil 1 литр;2 530,00;Испания
27;"Масло оливковое ж\б ""LA MASSERIA"" 5л";34 100,00;Италия
28;"Масло оливковое экстра ""LA MASSERIA"" 1л";7 502,00;Италия
29;"Масло оливковое экстра ""OLIV OIL"" 5л ж/б";9 020,00;Испания
30;"Масло подсолнечное ""ЖЕЛТЫЙ ДОМИК"" 5л (4,5кг)";4 180,00;Россия
31;"Масло подсолнечное ""МАСЛОЗАВОД №1"" 5л";5 027,00;Казахстан
32;Масло подсолнечное в ассортименте 5л (деш) ;3 971,00;Россия
33;"Масло сливочное ""PRESIDRENT"" не соленое 1кг";10 769,00;Казахстан
34;"Масло сливочное ""АЯЛА ПЛЮС"" особое 0,833кг";1 969,00;Казахстан
35;"Масло сливочное ""БУЛАЕВО"" 72,5% (вес)";4 114,00;Казахстан
36;"Масло сливочное ""ГОРМОЛЗАВОД"" (вес)";5 566,00;Казахстан
37;"Масло сливочное ""ЖАЙЛАУ"" 72,5% 0,18кг";330,00;Казахстан
38;"Масло сливочное ""ЗАКРОМА"" 82,5% 0,18кг";847,00;Казахстан
39;"Масло сливочное ""К ЧАЮ"" 0,23кг";352,00;Россия
40;"Масло сливочное ""КРЕСТЬЯНСКОЕ""  72,5%  0,2кг";330,00;Казахстан
41;"Масло сливочное ""СЛИВОЧНЫЕ БЕРЕГА"" 60% 0,18кг";272,80;Казахстан
42;"Масло сливочное ""СЛИВОЧНЫЕ БЕРЕГА"" 60% 0,45кг";627,00;Казахстан
43;"Масло сливочное ""СПРЕД СЛАДКОСЛИВОЧНЫЙ"" 72,5% 0,4кг";1 144,00;Казахстан
44;"Масло сливочное ""СПРЕД СЛАДКОСЛИВОЧНЫЙ"" 82,5% 0,4кг";1 265,00;Казахстан
45;"Масло сливочное"" СПРЕД СЛИВОЧНО СОЛЕНОЕ""72,5% 0,4КГ";1 067,00;Казахстан
46;"Масло фритюрное ""MASTER"" 10лит ";8 250,00;Россия
47;"Масло фритюрное ""RESOK"" 10лит (9-9,5кг)";11 253,00;Россия
48;"Масло фритюрное ""RESOK"" 7,5 лит (6,9 кг)";9 680,00;Россия
49;"Масло фритюрное ""ГУДФУД\МАЭСТРО"" 10л (8,5-9кг)";8 500,00;Россия
50;"Маслофритюрное ""ГУДПРОДУКТ"" 10л ";9 438,00;Россия
51;"Оливковое масло ""EXTRA"" ж\б 5л";7 700,00;Россия
52;"Оливковое масло ""PREMIUM OLIVE"" 5 л ж/б";8 503,00;Италия
53;"Оливковое масло ""РОМА"" 5л";15 367,00;Италия
54;"Топленое масло ""AnaBala"" 0,9кг";3 025,00;Азейрбайджан 
;  МОЛОЧНЫЕ ПРОДУКТЫ;;
1;"Йогурт греческий ""FOODMASTER"" 0,3кг";726,00;Казахстан
2;"Масло сливочное ""КРЕСТЬЯНСКОЕ"" 72,5% 5кг";12 980,00;Казахстан
3;"Молоко ""AROY-D"" кокосовое 1л";2 970,00;Таиланд
4;"Молоко ""AROY-D"" кокосовое ж/б 0,4л";1 276,00;Таиланд
5;"Молоко ""GREEN MILK"" банановое 1л";1 320,00;Россия
6;"Молоко ""GREEN MILK"" кокосовое 1 л";1 210,00;Россия
7;"Молоко ""GREEN MILK"" миндальное 1л ";1 210,00;Россия
8;"Молоко ""GREEN MILK"" овсяное 1л";1 276,00;Россия
9;"Молоко ""GREEN MILK"" соевое 1л ";1 276,00;Россия
10;"Молоко ""KALLEH"" 3% 1л";770,00;Иран
11;"Молоко ""LACTEL"" 2.5% 1л";682,00;Казахстан
12;"Молоко ""LACTEL"" 3,2% 1л";869,00;Казахстан
13;"Молоко ""MIDORI"" кокосовое ж/б 18% 0,4кг";1 144,00;Россия
14;"Молоко ""АЯ"" 2,5% 0,9л";451,00;Казахстан
15;"Молоко ""АЯ"" 3,2% 0,9л";462,00;Казахстан
16;"Молоко ""АЯ"" 6% 0,9л";539,00;Казахстан
17;"Молоко ""Милко Во"" 2,5% 0.9л";429,00;Казахстан
18;"Молоко ""Милко Во"" 3,2% 0.9л";451,00;Казахстан
19;"Молоко ""НОВЫЙ ДЕНЬ"" 2,5% 1л";693,00;Казахстан
20;"Молоко ""НОВЫЙ ДЕНЬ"" 3,2% 1л";737,00;Казахстан
21;"Молоко ""НОВЫЙ ДЕНЬ"" 6% 1л";847,00;Казахстан
22;"Молоко ""ПЕТРОПАВЛОВСКОЕ"" 2,5% 0,9л";506,00;Казахстан
23;"Молоко ""ПЕТРОПАВЛОВСКОЕ"" 3,2% 0,9л";561,00;Казахстан
24;"Молоко ""ПЕТРОПАВЛОВСКОЕ"" 6% 0,9л";638,00;Казахстан
25;"Молоко ""ПРОСТО"" 2.5% ";594,00;Казахстан
26;"Молоко ""ПРОСТО"" 3,2%";605,00;Казахстан
27;"Молоко ""ПРОСТО"" 6%";660,00;Казахстан
28;"Молоко ""ШАДРИНСКОЕ"" т/п 0,5л";924,00;Казахстан
29;"Молоко ""ШАДРИНСКОЕ"" т/п 1л";1 782,00;Казахстан
30;"Молоко сухое ""ЛЕДИ"" 0,5кг";1 518,00;Корея
31;"Молоко сухое ""ФРИМА"" 0,5кг";1 628,00;Корея
32;"Сливки ""CREAMART"" 20% 1л";1 705,00;Россия
33;"Сливки ""HALTA"" 29,2% 1л";2 849,00;Латвия
34;"Сливки ""KALLEH"" 33% 1л";3 025,00;Иран
35;"Сливки ""MASTER GOURMET"" 24% 1л";3 333,00;Италия
36;"Сливки ""PURATOS"" Виппак 1л 27% ";1 881,00;Россия
37;"Сливки ""PURATOS"" Шантипак 27% 1л";1 936,00;Россия
38;"Сливки ""Б.М.К."" 33% 1л ";2 783,00;Россия
39;"Сливки ""МОЛОЧНЫЙ ГОСТИНЕЦ"" 33% 1л";2 970,00;Беларусь
40;"Сливки ""ПЕТРОПАВЛОВСКИЕ"" 20% 0,5л";1 331,00;Казахстан
41;"Сливки ""ЧУДСКОЕ ОЗЕРО"" 33% 1л";2 970,00;Россия
42;"Сливки взбитые ""HALTA"" 0.25";1 331,00;Италия
43;"Сливки взбитые ""HULALA"" 0.25кг";1 331,00;Италия
44;"Сливки взбитые ""MEGGLE"" 0,25кг";1 562,00;Россия
45;"Сливки взбитые ""ФИТНЕС"" 0,25кг";2 123,00;Россия
46;"Сливки кокосовые ""AROY-D"" ж/б 0,56л";2 750,00;Таиланд
47;"Сливки порционные ""АЛЬПЕНГУРТ""10% 10шт х 10гр ";632,50;Россия
48;"Сметана ""PRESIDENT"" 20% 0,4кг";913,00;Казахстан
49;"Сметана ""СМЕТАНКИНО"" 1л";1 243,00;Казахстан
50;"Сметана ""СМЕТАНКИНО"" 5кг";4 114,00;Казахстан
51;Сметана 5л (в ассортименте);4 268,00;Казахстан
52;"Творог ""PRESIDENT"" 9% 0,9кг";2 310,00;Казахстан
53;"Творог ""ЧЕРНЫЙ ПРИНЦ"" 9% 5кг ";7 260,00;Казахстан
54;Мороженое ГорМолЗавод сливочное шоколадное 900 г;3 900,00;Казахстан
55; Мороженое ГорМолЗавод сливочное 900 г;3 900,00;Казахстан
;  МОРЕПРОДУКТЫ;;
1;Дорадо 400/600гр (вес);7 744,00;Турция
2;"Икра лососевая ""ГОСТ"" 0,14 кг ж\б";1 430,00;Россия
3;"Икра лососевая зернистая  ""ГОСТ"" 0,22 кг стекло";1 694,00;Россия
4;Кальмар тушка 1кг ;3 025,00;Россия
5;"Кольца кальмара ""AMIKO SEA FOOD"" 1кг";2 981,00;Россия
6;"Кольца кальмара ""POLAR"" в панировке 1кг";4 180,00;Россия
7;"Крабовое мясо""VICI"" белое 0,5кг";2 068,00;Россия
8;"Крабовые палочки ""АТЛАНТИДА"" 0,19кг";330,00;Россия
9;"Крабовые палочки ""ДУША ОКЕАНА"" 0,5кг";1 518,00;Россия
10;"Крабовые палочки ""Сочный краб"" САНТА БРЕМОР 0.5кг";1 694,00;Россия
11;Крабовые палочки (вес);1 320,00;Россия
12;"Крабовые палочки VICI ""Снежнай краб"" 0.5кг";2 013,00;Россия
13;"Креветки ""AMIKO"" 1,8кг 21\25  (ледблок)";12 430,00;
14;"Креветки ""AMIKO"" 16\20 очищенные 1кг ";4 356,00;Индия
15;"Креветки ""ELITFISH"" 1,8кг 21\25 (ледблок)";10 593,00;
16;"Креветки ""FISH BASKET"" очищенные 1кг";4 356,00;
17;"Креветки ""RISMA"" 26\30 без головы 1.8кг";11 451,00;Эквадор
18;"Креветки ""RISMA"" очищенные 31/40 1кг";8 030,00;Россия
19;"Креветки ""ZAMAN HORECA"" 31\35 1,8кг (лед блок) ";11 220,00;
20;Креветки ( бланш) 100/200;3 982,00;
21;Креветки бланшированные премиум16/20 1кг;7 260,00;Китай
22;Креветки бланшированные эконом 16\20 1кг;4 356,00;Китай
23;"Креветки королевские""VICI"" 50/70  (вес)";3 740,00;Россия
24;"Креветки пивные ""POLAR"" 120+ 5кг";5 929,00;Россия
25;"Креветки тигровые ""ЭКОНОМ"" 16/20 1кг ";3 630,00;Россия
26;Мидии в полустворке 1кг;2 750,00;Россия
27;Мидии целые вакум 1кг;4 609,00;Россия
28;Морской коктейль 1кг;2 200,00;Россия
29;Морской язык с/м (вес);1 760,00;Россия
30;Осьминоги Бэби (крупные)1кг ;4 015,00;Россия
31;"Сельдь филе в масле ""ROKOS"" 0,5кг";1 815,00;Россия
32;"Сельдь филе под шубу ""ROKOS"" 0,5кг";1 815,00;Россия
33;Семга 10-12 кг (вес);9 315,00;Норвегия
34;Семга 12-14кг (вес);10 499,50;Норвегия
35;Семга 14+ (вес);10 005,00;Норвегия
36;Семга 5-6кг (вес);6 785,00;Норвегия
37;Семга 6-7кг (вес);6 451,50;Норвегия
38;Семга 7-8кг (вес);6 957,50;Норвегия
39;Семга 8-9 кг (вес);7 659,00;Норвегия
40;Семга 9+кг (вес);7 843,00;Норвегия
41;Семга с/с пласт (вес);10 120,00;Норвегия
42;Семга свежая пласт кг (вес);9 775,00;Норвегия
43;Семга х\к (вес);9 775,00;Норвегия
44;Сибас 300/400гр;8 349,00;Турция
45;Судак филе средний (вес) ;2 909,50;Казахстан
46;Тилапия филе 1кг;2 530,00;Китай
47;Тунец филе с/м (вес);12 650,00;Россия
48;Форель радужная 300/400гр;5 692,50;Турция
;  МУКА И МУЧНЫЕ ИЗДЕЛИЯ;;
1;Кляр мука Корея;2 200,00;Корея
2;Лаваш 50шт ;2 728,00;Казахстан
3;"Лапша KEKESHI ""Egg noodle""  0.3кг";385,00;Китай
4;"Лапша KEKESHI ""Udon"" 0,3кг ";544,50;Китай
5;"Лапша RISMA ""Soba"" 0,3кг ";462,00;Китай
6;"Лапша КЭММИ ""Бесбармачная"" 0,25 кг";330,00;Казахстан
7;"Лапша КЭММИ ""Бесбармачная"" 0,45кг";759,00;Казахстан
8;"Лапша КЭММИ ""Жайма"" 0,2 кг ";363,00;Казахстан
9;"Лапша КЭММИ ""Лапаша суповая"" 0,2кг ";451,00;Казахстан
10;"Лапша кукси ""LION"" 0,7кг";1 028,50;Китай
11;"Макароны "" ДАМИР"" короткие 5 кг";2 541,00;
12;"Макароны ""ДАМИР"" вермишель 5кг";2 607,00;Казахстан
13;"Макароны ""ДАМИР"" кривые 5кг";2 607,00;Казахстан
14;"Макароны ""ДАМИР"" паутинка 5кг";2 607,00;Казахстан
15;"Макароны ""ДАМИР"" перья  5 кг";2 607,00;Казахстан
16;"Макароны ""ДАМИР"" ракушки 5 кг";2 605,90;Казахстан
17;"Макароны ""ДАМИР"" рожки 5кг";2 607,00;Казахстан
18;"Макароны ""ДАМИР"" спираль 5кг";2 607,00;Казахстан
19;"Макароны ""ДАМИР"" трубочки №15  5 кг";2 607,00;Казахстан
20;"Макароны ""СУЛТАН"" 0,4кг (в ассортименте) ";473,00;Казахстан
21;"Макароны ""СУЛТАН"" 1,6кг (в ассортименте)";1 848,00;Казахстан
22;"Макароны BARILLA ""Bavette №13"" 0.5кг";748,00;Италия
23;"Макароны BARILLA ""Calintali"" 0,45кг";1 925,00;Италия
24;"Макароны BARILLA ""CASARECCE  №288"" 0.5кг";1 287,00;Италия
25;"Макароны BARILLA ""Farfale №65"" 0,45кг";1 034,00;Италия
26;"Макароны BARILLA ""Fettuccine №166"" 0,5кг";2 310,00;Италия
27;"Макароны BARILLA ""Fizulli №98""  0,45кг";792,00;Италия
28;"Макароны BARILLA ""Lazagne №189"" 0,5кг ";1 606,00;Италия
29;"Макароны BARILLA ""Mafaldine №217"" 0,5кг";1 980,00;Италия
30;"Макароны BARILLA ""Mezze Penne Tricolore № 170"" 0.5кг ";2 200,00;Италия
31;"Макароны BARILLA ""Pappardele №176"" 0,25кг";1 760,00;Италия
32;"Макароны BARILLA ""Penne №73"" 0,45кг";792,00;Италия
33;"Макароны BARILLA ""RISONI №26"" 0,45кг";792,00;Италия
34;"Макароны BARILLA ""Spagetti №5"" 0,5кг";748,00;Италия
35;"Макароны BARILLA ""Tagliatelle №16"" 0,5кг ";1 947,00;Италия
36;"Макароны BARILLA ""Tortigliobe №83"" 0,45кг";792,00;Италия
37;"Макароны DE CECCO ""Fettuccine №233""  0.5кг";2 640,00;Италия
38;"Макароны DE CECCO ""FUZILLI №34"" 0,5кг ";1 738,00;Англия
39;"Макароны DE CECCO ""Spaghetti №12"" 0,5кг ";1 958,00;Англия
40;"Макароны DE CECCO ""Tagliatelle №203"" 0,5кг ";2 420,00;Англия
41;"Макароны GRAND PASTA ""Fettuccine 0.5кг";836,00;Турция
42;"Макароны GRAND PASTA ""Spaghetti"" 0,45кг";462,00;Турция
43;"Макароны GRANORO ""Fettuccine №82"" 0,5кг";1 760,00;Турция
44;"Макароны GRANORO ""Lingue di Passero №3"" 0,5кг";968,00;Италия
45;"Макароны GRANORO ""Penne rigate tricolore №231"" 0,5кг";786,50;Италия
46;"Макароны GRANORO ""Penne rigate №26"" 0,5кг";786,50;Италия
47;"Макароны GRANORO ""Spaghetti №13"" 0,5кг";880,00;Италия
48;"Макароны GRANORO ""Spaghetti №14"" 0,5 кг ";858,00;Италия
49;"Макароны GRANORO ""Spaghetti №16"" 0,5 кг  ";869,00;Италия
50;"Макароны GRANORO ""Spiralli Grandi №100"" 0,5кг";759,00;Италия
51;"Макароны GRANORO ""Tagliatelle Verdi №80"" 0,5 (со шпинатом)  ";1 760,00;Италия
52;"Макароны GRANORO ""Tagliatelle №81"" 0,5кг ";1 694,00;Италия
53;"Макароны LE BONTA DEL CASALE ""Spaghetti Nero"" 0,3 кг";2 662,00;Италия
54;"Макароны ЛИЯ ""Лапша яичная"" 0,4кг";440,00;Казахстан
55;"Макароны"" ДАМИР"" особые 5 кг";2 541,00;Казахстан
56;"Маккроны ""ДАМИР"" трубочки 5кг";2 541,00;Казахстан
57;"Мука ""100 ПУДОВ"" 1\с 10кг ";4 166,80;Казахстан
58;"Мука ""100 ПУДОВ"" 1\с 50кг ";12 100,00;Казахстан
59;"Мука ""100 ПУДОВ"" 1\с 5кг ";1 485,00;Казахстан
60;"Мука ""100 ПУДОВ"" в\с 10кг ";4 235,00;Казахстан
61;"Мука ""100 ПУДОВ"" в\с 25 кг";8 349,00;Казахстан
62;"Мука ""100 ПУДОВ"" в\с 50кг";17 666,00;Казахстан
63;"Мука ""100 ПУДОВ"" в\с 5кг";2 178,00;Казахстан
64;"Мука ""100 пудов"" 1\с 25кг";6 479,00;Казахстан
65;"Мука ""ЦЕСНА"" 1\с 50 кг";12 815,00;Казахстан
66;"Мука ""ЦЕСНА"" в\с 25 кг";9 141,00;Казахстан
67;"Мука ""Цесна"" в\с 10кг ";4 312,00;Казахстан
68;"Мука гречневая ""7 КАЗЫНА"" 1кг";847,00;Казахстан
69;"Мука из зеленой гречки ""7 КАЗЫНА"" 1кг";1 331,00;Казахстан
70;"Мука кукурузная ""7 КАЗЫНА"" 1кг";726,00;Казахстан
71;"Мука нутовая ""7 КАЗЫНА"" 1кг";1 320,00;Казахстан
72;"Мука овсяная ""7 КАЗЫНА"" 1кг";847,00;Казахстан
73;"Мука ржаная ""7 КАЗЫНА"" 1кг";429,00;Казахстан
74;"Мука рисовая ""7 КАЗЫНА""  1кг";968,00;Казахстан
75;"Мука темпурная ""KANESHIRO"" 1кг";1 331,00;Китай
76;"Мука темпурная ""ЯПОША"" 1кг";770,00;Китай
77;Мука темпурная KANESHIRO  5 кг;4 400,00;Китай
78;"Мука цельнозерновая ""7 КАЗЫНА"" 1кг";484,00;Казахстан
79;"Мука"" ЦЕСНА"" в/с2 кг";847,00;Казахстан
80;"Мучная смесь ""OSHI"" темпура 18кг   ";9 350,00;Россия
81;"Спагетти ""ДАМИР"" 2кг";1 067,00;Казахстан
82;"Спагетти ""ДАМИР"" 5кг";2 959,00;Казахстан
83;"Спагетти ""СУЛТАН"" 0,4кг";473,00;Казахстан
84;"Спагетти ""СУЛТАН"" 1,6кг";1 848,00;Казахстан
85;"Спагетти ""ЦЕСНА"" 1,6кг";1 391,50;Казахстан
86;"Тесто слоеное ""ВИШНЯ"" 0,9кг";1 056,00;Казахстан
87;Тортилья пшеничные 10шт;1 155,00;Казахстан
;  МЯСО ПТИЦЫ;;
1;Бедро куриное в подложке (вес);1 713,50;Казахстан
2;Бедро куриное монолит (вес);1 518,00;Казахстан
3;Голень индейки с/м;1 265,00;Россия
4;Голень куриная Америка 15кг (монолит);26 220,00;США
5;Голень куриная в подложке ;1 725,00;Казахстан
6;Голень монолит (вес);1 644,50;
7;Грудка индейки с/м вакуум;3 795,00;Россия
8;Крыло куриное в подложке;1 840,00;Казахстан
9;Крыло куриное монолит (вес);1 713,50;Россия
10;Курица табака ;1 437,50;Россия
11;Курица тушка 1,4-1,7кг;1 748,00;Россия
12;Окорочка KZ монолит (вес);1 587,00;Казахстан
13;Окорочка Бразилия крупные монолит (вес);1 690,50;Бразилия
14;Окорочка США 15 кг ;27 600,00;США
15;Тушка перепелки (вес);4 312,50;Казахстан
16;"Филе Индейки с/м ""ПАВЛОДАРСКАЯ""  (вес)";4 933,50;Россия
17;Филе Утки с/м;1 897,50;Китай
18;Филе куриное в подложке (вес);2 403,50;Казахстан
19;Филе куриное кг монолит (вес);1 966,50;Китай
20;Цыпленок корнишон (вес);3 162,50;Казахстан
21;Яйца перепелинные (лоток 20шт);747,50;Казахстан
22;Яйцо Казгер C1 (лоток 30шт);2 311,50;Казахстан
23;Яйцо С-1 (лоток 30шт);2 098,80;Казахстан
;  ПОЛУФАБРИКАТЫ И КАРТОФЕЛЬНЫЕ ИЗДЕЛИЯ;;
1;"Батат сладкий ""FARM"" 2кг";7 260,00;Белгия
2;"Дольки картоф.""ТРИУМФ"" 2,5 кг.";3 080,00;Россия
3;"Дольки картофельные ""AVIKO"" 2,5кг";3 850,00;Нидерланды
4;"Дольки картофельные ""FARM"" 2.5кг";3 300,00;Англия
5;"Картофель ""AVIKO"" Хашбраун 2,5кг";4 537,50;Белгия
6;"Картофель пай ""HROOM"" 0,07кг";440,00;Россия
7;Картофель сладкий Батат 2,5кг;7 150,00;Россия
8;"Картофельные лодочки ""FARM"" 2кг";4 180,00;Белгия
9;"Лодочки картофельные ""AVIKO"" 2кг";3 630,00;Бельгия
10;Луковые кольца 1кг;2 420,00;Россия
11;"Наггетсы куриные ""СЕРВОЛЮКС"" 2кг";4 785,00;Россия
12;Наггетсы куриные 1,5кг;2 860,00;Россия
13;"Фри ""FARM"" 10мм 2,5кг.";3 850,00;Белгия
14;"Фри ""FRY ME"" 9мм 2.5кг ";2 420,00;
15;"Фри ""KDHY"" (7мм) 2кг ";2 915,00;Китай
16;"Фри ""KDHY"" (9мм) 2кг ";2 035,00;Китай
17;"Фри ""MFS"" (9мм) 2.5кг ";2 530,00;Китай
18;"Фри ""ROYAL CHEF"" (9мм) 2.5кг ";2 409,00;Китай
19;"Фри ""STEALTH FRIES"" 9мм 2кг";1 936,00;
20;"Фри ""АVIKO"" 7мм 2,5кг.";3 751,00;Белгия
21;"Фри ""АVIKO"" 9,5мм 2,5кг.";3 520,00;Белгия
22;"Фри ""ТРИУМФ"" 6мм 2,5кг";2 607,00;Россия
23;"Фри ""ТРИУМФ"" 9мм 2,5 кг.";2 365,00;Россия
24;"Фри AMIKO ""Golden Crunch"" 7мм 2.5кг";2 640,00;Китай
25;"Хашбраун ""FARM"" 2.5 кг";5 753,00;
26;"Хашбраун овальный ""FARM"" 2.5 кг";5 885,00;Россия
27;"Шарики картофельные ""AMIKO"" 2кг";3 245,00;Китай
28;"Шарики картофельные ""AVIKO"" 2.5кг";5 203,00;Нидерланды
;  ПРИПРАВЫ И СПЕЦИИ;;
1;"Бульон ""MAGGI"" говяжий на косточке 48шт";1 342,00;Россия
2;"Бульон ""MAGGI"" золотой куриный 48шт";1 276,00;Россия
3;"Бульон ""MAGGI"" на косточке 75 гр";418,00;Россия
4;"Бульон ""РОЛЛТОН"" говяжий  90гр";198,00;Россия
5;"Бульон ""РОЛЛТОН"" куринный  90гр";198,00;Италия
6;"Бульон ""РОЛЛТОН"" универсальный 90гр";192,50;Россия
7;"Бульон говядина ""KNORR"" 2 кг";6 600,00;Германия
8;"Бульон говяжий ""KNORR""  5кг";17 600,00;Германия
9;"Бульон грибной ""KNORR"" 2 кг";11 000,00;Германия
10;"Бульон демигласс порошок ""KNORR"" 1кг";7 810,00;Германия
11;"Бульон куринный ""KNORR""  5кг";17 545,00;Германия
12;"Бульон куриный ""KNORR"" 1кг";6 820,00;Германия
13;"Бульон куриный ""KNORR"" 2 кг";4 840,00;Германия
14;Бульон порошок демигласе 1,5 кг ;13 200,00;Турция
15;"Бульонные кубики ""GALLINA BLANCA"" говядина 10гр*48шт";1 210,00;Россия
16;"Бульонные кубики ""GALLINA BLANCA"" грибной 10гр*48шт";1 210,00;Россия
17;"Бульонные кубики ""GALLINA BLANCA"" куриный 10гр*48шт";1 210,00;Россия
18;"Ванилин  ""АСЫЛ HORECA"" 1 кг";2 849,00;Россия
19;"Горчица ""HEINZ"" 2л";5 126,00;США
20;"Горчица ""МАХЕЕВ"" зернистая 0,19кг (стекло)";562,10;Россия
21;"Горчица ""МАХЕЕВ"" зернистиая 0,14кг (мягкая упаковка)";363,00;Россия
22;"Горчица ""МАХЕЕВ"" паста 0,14кг (мягкая упаковка) ";275,00;Россия
23;"Горчица ""МАХЕЕВ"" паста 0,19кг (стекло)";484,00;Россия
24;"Горчица ""ОМЕГА"" порошок 1 кг";1 408,00;Казахстан
25;Горчица Русская Махеев стекло 190гр;385,00;
26;"Горчица дижонская ""Covinor"" 0,37кг (стекло)";1 408,00;Франция
27;"Горчица дижонская ""Covinor"" 1кг (стекло)";3 630,00;Франция
28;"Горчица дижонская зернистая ""Covinor"" 1кг (стекло)";3 520,00;Франция
29;Горчица сухая зерно 1кг;3 025,00;Россия
30;"Дрожжи ""LUX"" сырые 1кг";792,00;Россия
31;"Дрожжи ""PAKMAYA"" 0,05кг";209,00;Казахстан
32;"Дрожжи ""PAKMAYA"" 0,45кг";1 320,00;Казахстан
33;"Желатин ""ОМЕГА"" 15гр";220,00;Россия
34;Кляр для крылышек 1кг;2 530,00;
35;"Кокосовая стружка ""АСЫЛ"" 0,45кг";2 026,20;Казахстан
36;"Крахмал картофельный ""СЛАДКИЕ МЕЧТЫ"" 1кг";847,00;Россия
37;"Крахмал кукурузный ""СЛАДКИЕ МЕЧТЫ"" 1 кг ";704,00;Россия
38;"Кристалики ""ЛОТОС"" 0,4кг";198,00;Китай
39;"Кристалики Лотос ""ЮНН"" оригинал 0,4кг";792,00;Китай
40;"Кумин молотый ""SANTA MARIA"" 0,43кг";6 776,00;Италия
41;Кунжут белый 1кг (вес);1 595,00;Узбекистан 
42;Кунжут черный 1кг (вес);2 783,00;Узбекистан 
43;Лавровый лист 50гр;407,00;Россия
44;"Лемонграсс сушеный ""GENSO"" 0.1кг";2 662,00;Таиланд
45;Лимонная кислота 1кг;1 265,00;Россия
46;"Лук жареный ""MANESK"" 1кг";3 520,00;Россия
47;"Лук жареный ""MORTAS"" 1кг";3 190,00;Китай
48;"Мак ""СЛАДКИЕ МЕЧТЫ"" 1кг";2 964,50;Россия
49;Орегано 1 кг;2 200,00;Узбекистан 
50;Орегано Santa-Maria 65 гр.;3 751,00;США
51;Паприка 1кг;891,00;Узбекистан 
52;"Паприка копченная ""SANTA-MARIA"" 0,5кг";7 865,00;США
53;"Перец красный ""ROYAL"" 1кг";2 530,00;Россия
54;"Перец красный ""АСЫЛ"" 1кг";2 530,00;Россия
55;"Перец красный молотый ""ШЕФ"" 1кг";1 650,00;Россия
56;"Перец черный  ""АСЫЛ"" 1кг";2 783,00;Россия
57;"Перец черный молотый ""ROYAL"" 1кг";2 607,00;Россия
58;"Перец черный молотый ""ОРДА"" 1кг";2 607,00;Россия
59;"Перец черный молотый ""ШЕФ"" 1кг";1 925,00;Россия
60;"Приправа ""SANTA-MARIA"" ПАПРИКА 0,34кг";7 865,00;США
61;"Приправа ""SANTA-MARIA"" Стейкхауз 0,565 кг";8 591,00;США
62;"Приправа ""SANTA-MARIA"" гриль-барбекю 0,61кг";5 830,00;США
63;"Приправа ""SANTA-MARIA"" для курицы 0,65кг";5 324,00;США
64;"Приправа ""SANTA-MARIA"" для фри 0,8кг";5 720,00;США
65;"Приправа ""SANTA-MARIA"" лимонная к рыбе 0,85кг";11 495,00;США
66;"Приправа ""SANTA-MARIA"" смесь 5 перцов 0,19кг";7 865,00;США
67;"Приправа ""SANTA-MARIA"" чесночная 1кг";6 050,00;США
68;"Приправа ""ПРИПРАВЫЧ"" 12 овощей 0,8кг";2 200,00;Россия
69;"Приправа ""ХОНДА-ШИ"" рыбная 1кг";3 465,00;Китай
70;"Приправа ""ЧИМ-ЧИМ"" для капусты";429,00;Россия
71;"Приправа ""ЧИМ-ЧИМ"" для моркови";462,00;Россия
72;"Приправа ""ЧИМ-ЧИМ"" для огурцов";429,00;Россия
73;"Приправа ""ЧИМ-ЧИМ"" для фунчозы";462,00;Россия
74;"Приправа 12 овощей ""ROYAL"" 450гр";1 045,00;Россия
75;Приправа Дашида для мяса 1кг;3 630,00;Китай
76;Приправа Дашида для рыбы 1кг;5 500,00;Китай
77;Приправа Чикен Редракон 1кг;2 541,00;Россия
78;"Приправа для гриля ""ROYAL""  450гр";1 045,00;Россия
79;"Приправа для курицы ""ROYAL""  450гр";1 045,00;Россия
80;"Приправа для рыбы ""ОМЕГА"" 0,02кг ";82,50;Казахстан
81;"Приправа для шашлыка ""ROYAL"" 170гр";385,00;Россия
82;"Приправа для шашлыка ""ROYAL"" 450гр";1 155,00;Россия
83;"Приправа универсальная ""ROYAL"" 125гр";385,00;Россия
84;"Приправа универсальная ""ROYAL"" 450гр";1 100,00;Россия
85;"Приправа универсальная ""VEGETTA"" 0,3 кг";1 050,50;Италия
86;"Приправа универсальная ""VEGETTA"" 1 кг";3 993,00;Италия
87;Разрыхлитель для мяса 0,05кг (маленький) ;550,00;Китай
88;Разрыхлитель для мяса 0,25кг (большой);874,50;Китай
89;"Разрыхлитель теста ""АСЫЛ HoReCa"" 950гр.";1 276,00;Казахстан
90;Сахар тростниковый кусковой 0,5кг;1 485,00;Россия
91;"Сахарная пудра ""СЛАДКИЕ МЕЧТЫ"" 1кг.";814,00;Казахстан
92;Сода пищевая 500гр;363,00;Казахстан
93;"Соевое мясо ""ЮНН"" 0,13кг ";374,00;Китай
94;"Солод ""СЛАДКИЕ МЕЧТЫ"" 1кг";913,00;Казахстан
95;"Соль ""АРАЛ"" 1кг";143,00;Казахстан
96;Соль в ассортименте 1кг;110,00;Казахстан
97;"Соль пищевая морская крупная ""Атлантика"" 1 кг";737,00;
98;"Соль пищевая морская мелкая "" Атлантика""1 кг";693,00;
99;Соль экстра 1кг ;275,00;Россия
100;"Чеснок сухой ""ПРИПРАВЫЧ"" 0,6кг";2 970,00;Россия
101;Чеснок сухой 1кг;1 265,00;Узбекистан 
;  СИРОПЫ;;
1;"Сироп ""INCO BRAND"" банан 1 л";2 310,00;Казахстан
2;"Сироп ""INCO BRAND"" манго -маракуйя 1л";2 310,00;Казахстан
3;"Сироп ""INCO BRAND"" мохито 1 л";2 299,00;Казахстан
4;"Сироп BARBADOS ""Абрикос"" 1л";2 299,00;Казахстан
5;"Сироп BARBADOS ""Ананас"" 1л";2 420,00;Казахстан
6;"Сироп BARBADOS ""Апельсин"" 1л";2 420,00;Казахстан
7;"Сироп BARBADOS ""Арбуз"" 1л";2 541,00;Казахстан
8;"Сироп BARBADOS ""Бабл гам"" 1л";2 299,00;Казахстан
9;"Сироп BARBADOS ""Банан"" 1л";2 541,00;Казахстан
10;"Сироп BARBADOS ""Барбарис"" 1л";2 420,00;Казахстан
11;"Сироп BARBADOS ""Блю курасао"" 1л";2 178,00;Казахстан
12;"Сироп BARBADOS ""Ваниль"" 1л";2 420,00;Казахстан
13;"Сироп BARBADOS ""Вишня"" 1л";2 541,00;Казахстан
14;"Сироп BARBADOS ""Ганат"" 1л";2 310,00;Казахстан
15;"Сироп BARBADOS ""Гранат"" 1л ";2 420,00;Казахстан
16;"Сироп BARBADOS ""Грейпфрут"" 1л ";2 420,00;Казахстан
17;"Сироп BARBADOS ""Гренадин"" 1л ";2 420,00;Казахстан
18;"Сироп BARBADOS ""Груша"" 1л";2 541,00;Казахстан
19;"Сироп BARBADOS ""Дыня"" 1л";2 420,00;Казахстан
20;"Сироп BARBADOS ""Зеленое яблоко"" 1л";2 310,00;Казахстан
21;"Сироп BARBADOS ""Имбирный пряник"" 1л";2 541,00;Казахстан
22;"Сироп BARBADOS ""Имбирь"" 1л";2 420,00;Казахстан
23;"Сироп BARBADOS ""Карамель"" 1л";2 310,00;Казахстан
24;"Сироп BARBADOS ""Киви"" 1л ";2 541,00;Казахстан
25;"Сироп BARBADOS ""Киви-Лайм"" 1л";2 541,00;Казахстан
26;"Сироп BARBADOS ""Клубника"" 1л";2 541,00;
27;"Сироп BARBADOS ""Кокос"" 1л";2 310,00;Казахстан
28;"Сироп BARBADOS ""Корица"" 1л";2 310,00;Казахстан
29;"Сироп BARBADOS ""ЛИМОН"" 1л";2 310,00;Казахстан
30;"Сироп BARBADOS ""Лайм"" 1л";2 299,00;Казахстан
31;"Сироп BARBADOS ""Лесной орех"" 1л";2 365,00;Казахстан
32;"Сироп BARBADOS ""Лесные Ягоды"" 1л";2 541,00;Казахстан
33;"Сироп BARBADOS ""Малина"" 1л";2 541,00;Казахстан
34;"Сироп BARBADOS ""Манго"" 1л";2 541,00;Казахстан
35;"Сироп BARBADOS ""Манго-Маракуйя"" 1л";2 541,00;Казахстан
36;"Сироп BARBADOS ""Мандарин"" 1л";2 310,00;Казахстан
37;"Сироп BARBADOS ""Маракуйя"" 1л";2 541,00;Казахстан
38;"Сироп BARBADOS ""Миндаль"" 1л";2 365,00;Казахстан
39;"Сироп BARBADOS ""Мохито"" 1л";2 299,00;Казахстан
40;"Сироп BARBADOS ""Мята"" 1л";2 310,00;Казахстан
41;"Сироп BARBADOS ""Облепиха"" 1л";2 541,00;Казахстан
42;"Сироп BARBADOS ""Огурец"" 1л";2 420,00;Казахстан
43;"Сироп BARBADOS ""Персик"" 1л";2 420,00;Казахстан
44;"Сироп BARBADOS ""Попкорн"" 1л";2 310,00;Казахстан
45;"Сироп BARBADOS ""Соленая Карамель"" 1л";2 310,00;Казахстан
46;"Сироп BARBADOS ""Тархун"" 1л";2 365,00;Казахстан
47;"Сироп BARBADOS ""Фундук"" 1л";2 310,00;Казахстан
48;"Сироп BARBADOS ""Черная Смородина"" 1л";2 541,00;Казахстан
49;"Сироп BARBADOS ""Шоколад"" 1л";2 420,00;Казахстан
50;"Сироп ESKO "" Лемонграсс""";0,00;Казахстан
51;"Сироп ESKO ""Ананас"" 1л";2 365,00;Казахстан
52;"Сироп ESKO ""Арбуз"" 1л";2 662,00;Казахстан
53;"Сироп ESKO ""Банан"" 1л";2 365,00;Казахстан
54;"Сироп ESKO ""Блю-Курасао"" 1л";2 365,00;Казахстан
55;"Сироп ESKO ""Ваниль"" 1л";2 365,00;Казахстан
56;"Сироп ESKO ""Вишня"" 1л";2 365,00;Казахстан
57;"Сироп ESKO ""Гранат"" 1л";2 365,00;Казахстан
58;"Сироп ESKO ""Гренадин"" 1л";2 365,00;Казахстан
59;"Сироп ESKO ""Груша"" 1л";2 365,00;Казахстан
60;"Сироп ESKO ""Дыня"" 1л";2 365,00;Казахстан
61;"Сироп ESKO ""Ирландский крем"" 1л";2 365,00;Казахстан
62;"Сироп ESKO ""Карамель"" 1л ";2 662,00;Казахстан
63;"Сироп ESKO ""Киви"" 1л";2 662,00;Казахстан
64;"Сироп ESKO ""Киви-Лайм"" 1л";2 662,00;Казахстан
65;"Сироп ESKO ""Клубника"" 1л";2 365,00;Россия
66;"Сироп ESKO ""Лайм"" 1л";2 662,00;Россия
67;"Сироп ESKO ""Лесная ягода"" 1л";2 398,00;Казахстан
68;"Сироп ESKO ""Лесной орех"" 1л";2 365,00;Казахстан
69;"Сироп ESKO ""Лимон"" 1л";2 365,00;Казахстан
70;"Сироп ESKO ""Малина"" 1л";2 365,00;Казахстан
71;"Сироп ESKO ""Манго"" 1л";2 662,00;Казахстан
72;"Сироп ESKO ""Маракуйя"" 1л";2 398,00;Казахстан
73;"Сироп ESKO ""Мохито"" 1л";2 662,00;Казахстан
74;"Сироп ESKO ""Сахарный"" 1л";2 365,00;Казахстан
75;"Сироп ESKO ""Соленая карамель"" 1л";2 662,00;Казахстан
76;"Сироп ESKO ""Чайная роза"" 1л";2 365,00;Казахстан
77;"Сироп ESKO ""Шоколад"" 1л";2 365,00;Казахстан
78;"Сироп HERSHEYS ""Карамель"" 0,623л";3 960,00;США
79;"Сироп HERSHEYS ""Клубника""  623гр";3 960,00;США
80;"Сироп HERSHEYS ""Шоколад"" 0,623л";3 938,00;США
81;"Сироп ЕSCO ""Апельсин"" 1л";2 365,00;Казахстан
82;"Сироп ЕSCO ""Манго-Маракуйя"" 1л";2 662,00;Казахстан
;  СОУСЫ И УКСУСЫ;;
1;"Жидкий дым ""КОСТРОВОК"" 0,33л";792,00;Россия
2;"Кетчуп ""3 ЖЕЛАНИЯ"" 5л";3 388,00;Казахстан
3;"Кетчуп ""HEINZ"" 0,8кг";1 573,00;США
4;"Кетчуп ""HEINZ"" 2л";3 630,00;США
5;"Кетчуп ""АSTORIA"" 2лит";2 299,00;Россия
6;"Кетчуп ""МАХЕЕВ"" сошет 120шт";2 662,00;Россия
7;"Кетчуп ""РОДНИК"" шашлычный 0,75л";704,00;Россия
8;"Лимонный концентрат ""FORELLI"" 1л.";1 793,00;Россия
9;"Майонез ""3 ЖЕЛАНИЯ"" легкий 15% 5кг";4 092,00;Казахстан
10;"Майонез ""3 ЖЕЛАНИЯ"" провансаль 0,7кг ";1 540,00;Казахстан
11;"Майонез ""3 ЖЕЛАНИЯ"" провансаль 0,8кг";1 452,00;Казахстан
12;"Майонез ""3 ЖЕЛАНИЯ"" провансаль 67% 5кг";6 292,00;Казахстан
13;"Майонез ""ASSORTI HORECA"" 25,5% 10кг";8 140,00;Казахстан
14;"Майонез ""ASTORIA"" провансаль 67% 9,6кг";11 495,00;Россия
15;"Майонез ""ASTORIA""10 лит 57%";11 121,00;Россия
16;"Майонез ""МАХЕЕВ"" провансаль 0,8кг";1 177,00;Россия
17;"Майонез ""МАХЕЕВ"" с лимонным соком 0,8кг";1 177,00;Россия
18;"Майонез ""МАХЕЕВ"" с оливковым маслом 0,8кг";1 210,00;Россия
19;"Майонез ""МАХЕЕВ"" с перепелиным яйцом 0,8кг";1 078,00;Россия
20;Майонез Провансаль PROFIGUSTO 67% 10л;9 680,00;Казахстан
21;Майонез Провансаль YUMMY 67% 10л;8 140,00;Россия
22;Майонез Провансаль АССОРТИ 67% 10кг;9 922,00;Россия
23;"Пицца соус ""AROMATIZZATA"" 4кг (мягкая упаковка)";5 566,00;Казахстан
24;"Пицца соус ""ASTORIA"" 2кг ";2 610,30;Россия
25;"Пицца соус ""CHEF GOURMET"" 4.05кг ж/б";5 940,00;Италия
26;"Пицца соус ""LOLI;K"" 4.1кг ж/б";5 082,00;Армения
27;"Пицца соус ""MUTTI PELATI"" 0,4кг";1 797,40;Италия
28;"Пицца соус ""MUTTI PELATI"" 2,5кг";6 050,00;Италия
29;"Пицца соус ""MUTTI"" 4,1кг ж\б";10 560,00;Италия
30;"Пицца соус ""MUTTI"" 5,1кг (мягкая упаковка)";13 310,00;Италия
31;"Свит чили ""AMIGO"" 3.5кг";5 687,00;Казахстан
32;"Свит чили ""AMIGO"" 5,5кг не использовать";7 645,00;Казахстан
33;"Свит чили ""AROY-D"" 0,92кг ";2 420,00;Таиланд
34;"Свит чили ""AROY-D"" 2,4 кг.";5 445,00;Таиланд
35;"Свит чили ""AROY-D"" 5,4кг";12 221,00;Таиланд
36;"Свит чили ""AROY-D"" для курицы 0,35кг";1 265,00;Таиланд
37;"Свит чили ""CANNERU"" 1,3кг";2 090,00;Казахстан
38;"Свит чили ""CANNERU"" 2,6кг";4 235,00;Казахстан
39;"Свит чили ""CANNERU"" 5,4кг";7 920,00;Казахстан
40;"Свит чили ""SANTA-MARIA"" 1,95л (чили)";8 107,00;США
41;"Соевый соус ""AMOY"" 0,55л";638,00;Китай
42;"Соевый соус ""KANIMORI"" 20л";6 160,00;Китай
43;"Соевый соус ""KIKKOMAN"" 1,8л";6 160,00;Германия
44;"Соевый соус ""KIKKOMAN"" 1л";6 655,00;Германия
45;"Соевый соус ""SHEFU-SAN"" 1.8л";1 936,00;Россия
46;"Соевый соус ""КIKKOMAN"" 19л";16 940,00;Германия
47;"Соевый соус ""ЛАУ-ШУ"" 1,8л (для лагмана)";2 178,00;Китай
48;"Соевый соус ""ОБОК"" 1л";880,00;Китай
49;"Соевый соус ""ЮНН"" 0,5л";792,00;Китай
50;"Соевый соус ""ЮНН"" 5л ";3 190,00;Китай
51;Соевый соус ЮЙИ 4,5л;2 915,00;Китай
52;"Соус ""ASSORTI"" сырный 1л";1 375,00;Россия
53;"Соус ""ASTORIA"" дип-пот чесночный 125шт";8 096,00;Россия
54;"Соус ""ASTORIA"" сальса 1кг ";1 870,00;Россия
55;"Соус ""ASTORIA"" сырный 1л";1 683,00;Россия
56;"Соус ""EASY"" барбекю 1,8л-2,05кг";3 960,00;Казахстан
57;"Соус ""EASY"" барбекю 1л (ведро) ";1 584,00;Казахстан
58;"Соус ""EASY"" бургер 1л (ведро)";1 553,20;Казахстан
59;"Соус ""EASY"" горчичный 1л (ведро)";1 459,70;Казахстан
60;"Соус ""EASY"" манго-чили 1,8л-2,15кг";3 850,00;Казахстан
61;"Соус ""EASY"" сырный ведро 1л ";1 518,00;Казахстан
62;"Соус ""EASY"" терияки 1,8л-2,15кг";2 970,00;Казахстан
63;"Соус ""EASY"" унаги 1,8л-2,22кг";2 838,00;Казахстан
64;"Соус ""EASY"" унаги 5л-5,8кг";6 490,00;Казахстан
65;"Соус ""GENSO Lemongrass"" 0.855л";3 025,00;Таиланд
66;"Соус ""HEINZ"" кетчуп дип-пот 125шт";9 471,00;США
67;"Соус ""HEINZ"" сырный 1л";2 695,00;Россия
68;"Соус ""HEINZ"" сырный дип-пот 125шт";10 021,00;США
69;"Соус ""HIENZ"" чесночный ранч 1л";2 255,00;Россия
70;"Соус ""LOUISIANA SUPREME"" 1л";3 751,00;США
71;"Соус ""PARAD"" барбекю 0,51кг";2 145,00;США
72;"Соус ""АSTORIA"" барбекю 1л";1 650,00;Россия
73;"Соус ""АSTORIA"" бургер 1л";1 804,00;Россия
74;"Соус ""АSTORIA"" горчичный 1л";1 716,00;Россия
75;"Соус ""АSTORIA"" сметанный с грибами 1л";1 875,50;Россия
76;"Соус ""АSTORIA"" терияки 1л";2 145,00;Россия
77;"Соус ""АSTORIA"" цезарь 1л";1 826,00;Россия
78;"Соус ""АSTORIA"" чесночный 1л";1 804,00;Россия
79;"Соус ""АМИГО САН"" свит чили 5,5кг";7 381,00;Казахстан
80;"Соус ""КОБРА"" жгучая 0,345кг";759,00;Казахстан
81;"Соус ""КОЧУДЯН"" 0,5кг";3 025,00;Китай
82;"Соус HEINZ ""Ворчестер"" 0,532л";4 114,00;США
83;"Соус Бальзамик ""CARANDINI"" светлый 0,5л";2 970,00;Италия
84;"Соус Бальзамик ""CARANDINI"" темный 0,5л";3 355,00;Италия
85;Соус Бульгоги 0.84л;3 751,00;Корея
86;"Соус Кимчи ""ASA"" 1.8л";4 290,00;Китай
87;"Соус Кимчи ""SHEFU-SAN"" 1.8л";2 695,00;Россия
88;"Соус Кимчи Бейс ""YAKIMAL"" 1.8л";4 356,00;Россия
89;"Соус Орехово-кунжутный ""ASA"" 1л";3 080,00;Китай
90;"Соус Ореховый ""GENSO"" 1,5л";4 598,00;Китай
91;"Соус Песто ""ITALCARCOIFI"" 0,2кг";1 540,00;Италия
92;"Соус Рисовый Мирин ""YAKIMAL""1.8л";2 563,00;Китай
93;"Соус Рыбный ""AROY-D"" 0,84л";2 310,00;Таиланд
94;"Соус Табаско ""McLIHENNY"" 0,06кг";2 057,00;Италия
95;"Соус Табаско ""McLIHENNY"" 0,150кг";3 630,00;Италия
96;"Соус Терияки ""GENZO"" 1.5 л";2 200,00;Китай
97;"Соус Терияки ""SHEFU-SAN"" 1.8л";2 805,00;Россия
98;"Соус Унаги ""GENZO"" 1.7 л";2 310,00;Китай
99;"Соус Унаги ""YAKIMAL"" 1.8л";2 662,00;Китай
100;"Соус Устричный ""Жуй Синь/Япоша"" 1,2 кг";1 320,00;Китай
101;"Соус Устричный ""Жуй Синь/Япоша"" 2,27кг.";2 750,00;Китай
102;"Соус Шрирача ""UNI EAGLE"" 0,815кг";2 783,00;Китай
103;"Соус Шрирача ""ТАМАКИ"" 1л";2 299,00;Россия
104;"Соус дип-пот ""ASTORIA"" 125шт барбекю";7 986,00;Россия
105;Соус дип-пот ASTORIA 125шт кетчуп;7 986,00;Россия
106;Соус дип-пот ASTORIA 125шт сырный;8 173,00;Россия
107;"Соус кунжутный ""SHEFU-SAN"" 1.8л";3 135,00;Россия
108;"Соус свит чили ""GOURMET"" 0,92КГ";2 222,00;Таиланд
109;"Соус устричный ""ESAY"" 0,5л";1 080,20;Казахстан
110;"Соус устричный ""ESAY"" 1.8л ";2 750,00;Казахстан
111;"Соус устричный ""ESAY"" 5л ";5 808,00;Казахстан
112;"Терияки ""АSА\Якимал"" 1.8л";2 805,00;Китай
113;"Ткемали ""КИНТО"" Раний 0,3";1 573,00;Россия
114;"Ткемали ""КИНТО"" классик 0,3л";1 573,00;Россия
115;"Томатная паста ""ДРАКОН"" 3кг ж/б";2 541,00;Казахстан
116;"Томатная паста ""ЦИН КАЗ"" 0,85 кг ж/б";1 397,00;Казахстан
117;"Томатная паста ""ЦИН КАЗ"" 1кг (стекло)";1 815,00;Россия
118;"Томатная паста КАЗФУД ""Береке"" 1кг";1 012,00;Казахстан
119;"Томаты в собственном соку ""NOVA\Pelati""  2,5 кг";3 751,00;Турция
120;"Уксус ""VIYI Китайский Шал"" 0,5л";385,00;Китай
121;"Уксус 70% ""СИБИРСКИЙ УКСУС"" 0,160мл";308,00;Казахстан
122;"Уксус 9% ""ЗАПАС НА ЗИМУ"" 0,9л";209,00;Россия
123;"Уксус 9% ""ЗАПАС НА ЗИМУ"" 1л";517,00;Россия
124;"Уксус Бальзамик ""DE NIGRIS""  светлый 1л";2 915,00;Италия
125;"Уксус Бальзамик ""DE NIGRIS"" светлый  0,5л";1 870,00;Италия
126;"Уксус Бальзамик ""DE NIGRIS"" темный 0,5л";1 815,00;Италия
127;"Уксус Бальзамик ""DE NIGRIS"" темный 1л";2 783,00;Италия
128;"Уксус Винный ""DE NIGRIS"" 0,5л  ";1 320,00;Китай
129;"Уксус Винный ""DE NIGRIS"" белый 0,5л";1 320,00;Италия
130;"Уксус Винный ""DE NIGRIS"" белый 1л";1 815,00;Италия
131;"Уксус Винный ""DE NIGRIS"" красный 0,5л";1 375,00;Италия
132;"Уксус Винный ""DE NIGRIS"" красный 1л.";1 870,00;Италия
133;"Уксус Винный ""KUHNE"" белый 0,25л";1 540,00;Италия
134;"Уксус Винный ""KUHNE"" красный 0,25л";1 320,00;Италия
135;"Уксус Рисовый ""FUJI"" 20л";14 520,00;Китай
136;"Уксус Рисовый ""СИБИРСКИЙ УКСУС"" 3% 0,25л ";522,50;Россия
137;"Уксус Рисовый Мицукан ""KANIMORI"" 20л";6 050,00;Китай
138;"Уксус Яблочный ""DE NIGRIS"" 0,75л";2 310,00;Италия
139;"Уксус Яблочный 6% ""Сибирский уксус"" 0,25л";297,00;Россия
;  СУШИ БАР;;
1;"Васаби ""OSHI"" Powder 1кг (красная)";1 936,00;Китай
2;"Васаби порошок ""Fumiko"" 1кг.";3 740,00;Китай
3;"Васаби порошок ""Sango"" 1кг";2 541,00;Китай
4;Водоросли Вакаме сушеные 0,5кг;5 060,00;Китай
5;Водоросли Комбу сушеные;7 986,00;Китай
6;"Водоросли Нори ""LUX"" 100шт";6 050,00;Китай
7;"Водоросли Нори ""NIHAO"" 100шт";5 808,00;Китай
8;"Водоросли Нори ""SANGO"" 100шт";6 710,00;Корея
9;"Водоросли Нори ""SUSAMI"" 100шт";7 260,00;Корея
10;"Водоросли Нори ""TAMAKI"" 100шт";5 500,00;Россия
11;"Водоросли Нори ""TIDORI"" 100шт";7 018,00;Китай
12;"Водоросли Нори ""TIDORI"" 50 лист";3 740,00;Корея
13;Водоросли Онигири 100шт;7 260,00;Китай
14;Икорная закуска красная 0,113кг;506,00;Россия
15;Икорная закуска черная 0,113кг;561,00;Россия
16;"Икра ""MAKI PLUS"" macaro (зеленая) 0,5кг ";4 400,00;Россия
17;"Икра ""MAKI PLUS"" macaro (красная) 0,5кг";4 719,00;Россия
18;"Икра ""MAKI PLUS"" macaro (оранжевая) 0,5кг ";4 356,00;Россия
19;"Икра ""MAKI PLUS"" macaro (черная) 0,5кг";3 850,00;Россия
20;"Икра ""OSHI"" macaro (красная) 0,5кг";3 234,00;Россия
21;"Икра масаго ""HANSEY"" 0,5кг";3 300,00;Россия
22;Имбирь маринованный белый 1,3кг;1 045,00;Китай
23;Имбирь маринованный красный 1,4кг;770,00;Китай
24;"Лапша KEKESHI ""Soba"" 0.3кг";561,00;Китай
25;"Мисо паста ""GENSO"" светлая 1кг";1 980,00;Китай
26;"Мисо паста ""GENSO"" темная 1кг";2 178,00;Китай
27;"Мука темпурная острая ""KANESHIRO"" 1кг";1 331,00;Китай
28;"Редька маринованная ""TAKUAN"" ";792,00;Китай
29;"Сухари KANESHIRO ""Daruma golden mix"" 1кг";1 573,00;Китай
30;"Сухари панировочные ""KANESHIRO"" 1кг";2 178,00;Китай
31;"Сухари панировочные ""Panko"" 10кг.";4 532,00;Казахстан
32;"Сухари панировочные ""Panko"" 1кг";792,00;Казахстан
33;"Сухари панировочные ""Япоша"" Golden mix 1кг";990,00;Казахстан
34;"Сухари панировочные KANESHIRO ""Golden mix"" 1кг";2 255,00;Китай
35;"Тунец стружка ""БОНИТО"" 0,5кг";6 776,00;Китай
36;Угорь филе х/к  без соуса;10 527,00;Китай
37;Угорь филе х/к 30% с соусом вакуум;6 787,00;Китай
38;Чукка салат 1кг;1 815,00;Россия
;  СЫРЫ И СЫРНЫЕ ПРОДУКТЫ;;
1;"Моцарелла ""ALTI SPECIAL"" экстра (вес)";3 415,50;Россия
2;"Моцарелла ""ALTI"" экстра (вес)";3 162,50;Россия
3;"Моцарелла ""ARITAL"" (вес)";3 162,50;Россия
4;"Моцарелла ""BONFESTO"" 1кг";4 623,00;Беларусь
5;"Моцарелла ""ROKISKIO"" (вес)";4 830,00;Латвия
6;"Моцарелла ""TOPING LIGHT"" 2кг батон";5 439,50;Россия
7;"Моцарелла ""ГРАНД ЛОРД"" (вес)";2 875,00;Россия
8;"Моцарелла ""КАЗАНЬ"" 2кг";2 852,00;Россия
9;"Моцарелла ""КРАЛ"" (вес)";2 760,00;Казахстан
10;"Моцарелла ""ЛУГА АЛАТАУ"" 40% (вес)";3 220,00;Казахстан
11;"Моцарелла ""САВУШКИН"" (вес)";3 737,50;Россия
12;"Моцарелла ""ЭМИР"" (вес)";3 730,60;Казахстан
13;"Моцарелла BONFESTO ""Coocing"" 45% 2,6 кг.";8 602,00;Беларусь
14;"Моцарелла BONFESTO ""Cooking"" 40% 2,6 кг.";12 650,00;Беларусь
15;"Моцарелла BONFESTO ""Cooking"" тертый 45% 2кг.";7 337,00;Беларусь
16;"Моцарелла Лайт ""ЭЛИПСМОЛ"" 50% 2кг";2 656,50;Россия
17;Моцарелла Пицца Топинг 45%;5 313,00;Беларусь
18;"Моцарелла в рассоле ""ZUGER"" 0,125кг";1 265,00;Швейцария
19;"Моцарелла мини ""ZUGER"" 0,15кг";2 127,50;Швейцария
20;"Моцарелла мини ""ZUGER"" 0,5кг";5 163,50;Швейцария
21;"Моцарелло ""ЮГОВСКАЯ"" 50% 2кг";2 840,50;Россия
22;"Сыр ""HOCHLAND"" чеддар 160шт 1.68кг";4 025,00;Россия
23;"Сыр ""БЕРЕЗКА"" голандский";4 784,00;Украина
24;"Сыр ""КОМО"" в ассортименте";5 577,50;Беларусь
25;"Сыр ""ФЕТА БЕЛАЯ""  40% 0,25кг";1 150,00;Россия
26;Сыр Бри с белой плесенью  125гр.;2 852,00;Дания 
27;"Сыр Брынза ""ЭМИР"" (вес)";3 737,50;Казахстан
28;"Сыр Гауда ""БЖП"" (вес)";3 162,50;Украина
29;Сыр Гауда желтая (вес);4 301,00;Россия
30;"Сыр Камамбер с белой плесенью ""DAIYLAND""  0,125кг";2 852,00;Дания 
31;"Сыр Маскарпоне мягкий ""BONFESTO"" 0.5кг";3 289,00;Беларусь
32;"Сыр Пармезан ""GRANA PADANO"" 0,15кг";3 496,00;Италия
33;"Сыр Пармезан ""ДЖУГАС"" 2мес";10 499,50;Россия
34;"Сыр Пармезан ""Дантес Нуар"" ЮКМП 45%";6 647,00;Россия
35;Сыр Пармезан тертый сухой;3 450,00;Италия
36;"Сыр Рикотта мягкий ""BONFESTO"" 0.5кг";1 518,00;Беларусь
37;"Сыр Сулугуни ""ЭМИР"" (вес)";3 680,00;Казахстан
38;"Сыр Чеддар ""HOHLAND""  1*90 шт";7 130,00;Россия
39;Сыр Чеддер ломтики 108 шт (1,328кг);9 487,50;Россия
40;Сыр Чечил косичка ;4 048,00;Россия
41;"Сыр маскарпоне ""BONFESTO"" 0,25кг";1 707,75;Беларусь
42;"Сыр пармезан Alberio ""GRANA PADANO"" 0.2кг";4 462,00;Италия
43;"Сыр плавленный сливочный ""HOCHLAND"" 0,4кг";2 783,00;Россия
44;"Сыр плавленный сливочный ""PRESIDENT"" 0,4кг";2 277,00;Казахстан
45;"Сыр пласт ""HOCHLAND"" чизбургер 0,15кг";1 288,00;Россия
46;"Сыр пласт ""PRESIDENT"" 0.3кг (Чиз Ролл) 16ломт";1 713,50;Россия
47;"Сыр с голубой плесенью ""DANABLU"" 0,1кг";1 840,00;Италия
48;"Сыр сливочный ""WILLE"" 1,5 кг 74%";4 870,25;Иран
49;"Сыр сливочный ""WILLE"" 1,5кг 69%";5 060,00;Иран
50;"Сыр сливочный ""WILLE"" 9,5кг 69%";29 785,00;Иран
51;"Сыр творожный  ""РAMMAK"" 69% 1,5кг";4 554,00;Иран
52;"Сыр творожный  ""СЕРВОЛЮКС"" 11кг";32 637,00;Беларусь
53;"Сыр творожный ""BONFESTO Cooking"" 11 кг ";37 950,00;Беларусь
54;"Сыр творожный ""HOCHLAND Cremettе"" 10 кг";39 847,50;Россия
55;"Сыр творожный ""HOCHLAND"" 0,4кг ";3 392,50;Россия
56;"Сыр творожный ""HOCLAND Cremettе"" 2,2кг";8 625,00;Россия
57;"Сыр творожный ""RASA"" 60% 10кг";29 727,50;Россия
58;"Сыр творожный ""САВУШКИН"" 2.4 кг";8 222,50;Россия
59;"Сыр творожный ""Савушкин"" 65% 10,5 кг.";33 350,00;Беларусь
60;Сыр творожный КремЧиз(вкус Токио) 3,3л;6 141,00;Россия
61;"Сыр фетакса ""HOCLAND"" 0,4кг ";2 093,00;Россия
62;Сырные палочки с моцареллой 1кг;4 807,00;Россия
63;"Сырный продукт ""Российский"" БЖП 50% (вес)";3 289,00;Россия
64;"Сырный продукт ""Сметанковый квадрат"" 50% (вес)";2 725,50;Россия
65;"Фета ""PRESIDENT"" Salakis 0.25кг";4 174,50;Казахстан
66;"Фета ""PRESIDENT"" Salakis 0.5кг";4 174,50;Казахстан
67;Шарики сырные с моцарелла 1кг;4 427,50;Россия
68;Сыр Страчателла;7 800,00;
69;Сыр Халуми;7 800,00;
70;Сыр Буррата;2 100,00;
;  ХОЗ.ТОВАРЫ;;
1;"Жироудалитель ""Шуманит"" 400 мл ";3 388,00;Россия
2;Контейнер ПРК-30-С3 мультипак 480 шт ;66,00;Казахстан
3;Стакан одноразовый 0.35л ;26,40;
4;Уголок бумажный для бургера 170*170 2000шт;7,70;Казахстан
;  ЧАЙ-КОФЕ;;
1;"Кофе ""JACOBS MONARCH"" 130гр (мягкая упаковка) ";3 388,00;Россия
2;"Кофе ""JACOBS MONARCH"" 150гр  (мягкая упаковка)";2 530,00;Россия
3;"Кофе ""JACOBS MONARCH"" 190гр (стекло) ";4 906,00;Россия
4;"Кофе ""JACOBS MONARCH"" 400гр (мягкая упаковка) ";8 140,00;Россия
5;"Кофе ""JACOBS MONARCH"" 47,5гр (стекло)";1 045,00;Россия
6;"Кофе ""JACOBS MONARCH"" 500гр (мягкая упаковка) ";8 140,00;Россия
7;"Кофе ""JACOBS MONARCH"" 95гр (стекло)";2 640,00;Россия
8;"Кофе ""JACOBS MONARCH""230гр (мягкая упаковка)  ";5 511,00;Россия
9;"Кофе ""MACCOFEE"" 3в1 25шт";2 266,00;Сингапур
10;"Кофе ""MACCOFEE"" ведро 160шт ";14 850,00;Сингапур
11;"Кофе ""NESCAFE GOLD""  95гр (стекло)";2 420,00;Россия
12;"Кофе ""NESCAFE GOLD"" 47,5гр (стекло)";1 045,00;Россия
13;"Кофе ""NESCAFE"" 0,5 кг (мягкая упаковка)";8 129,00;Россия
14;"Кофе ""NESCAFE"" 47,5гр (стекло)";1 292,50;Россия
15;"Кофе ""NESCAFE"" 95гр (стекло)";1 562,00;Россия
16;"Чай ""BAYCE"" гранулированный черный 1кг";3 234,00;Казахстан
17;"Чай ""BAYCE"" гранулированный черный 5кг";11 605,00;Казахстан
18;"Чай ""BAYCE"" листовой зеленый 1кг";3 454,00;Казахстан
19;"Чай ""BAYCE"" пакетированный зеленый 100пак";1 650,00;Казахстан
20;"Чай ""BAYCE"" пакетированный черный 100пак";1 485,00;Казахстан
21;"Чай ""BETA"" листовой черный 0,25кг";2 035,00;Казахстан
22;"Чай ""BETA"" листовой черный 0,5кг";3 927,00;Казахстан
23;"Чай ""CHAMPION"" гранулированный черный 0,25кг";1 595,00;Казахстан
24;"Чай ""CHAMPION"" гранулированный черный 0,5кг";2 717,00;Казахстан
25;"Чай ""CHAMPION"" гранулированный черный 1кг";5 445,00;Казахстан
26;"Чай ""CHAMPION"" листовой черный 0,25кг";1 595,00;Казахстан
27;"Чай ""CHAMPION"" листовой черный 0,5кг";3 817,00;Казахстан
28;"Чай ""GRENFIELD"" листовой зеленый 0,2кг";1 705,00;Казахстан
29;"Чай ""GRENFIELD"" листовой черный 0,2кг";1 705,00;Казахстан
30;"Чай ""GRENFIELD"" пакетированный зеленый 100пак";2 057,00;Казахстан
31;"Чай ""GRENFIELD"" пакетированный черный 100пак";2 090,00;Казахстан
32;"Чай ""MACTEA"" 3в1 20шт";1 815,00;Сингапур
33;"Чай ""АССАМ"" гранулированный черный  500гр";1 947,00;Казахстан
34;"Чай ""АССАМ"" гранулированный черный 0,25кг ";968,00;Казахстан
35;"Чай ""АССАМ"" гранулированный черный 1кг";3 751,00;Казахстан
36;"Чай ""ПИАЛА"" гранулированный черный 0,5кг";2 486,00;Казахстан
37;"Чай ""ПИАЛА"" пакетированный зеленый 100пак";1 628,00;Казахстан
38;"Чай ""ПИАЛА"" пакетированный черный 100пак";1 661,00;Казахстан
;  ЯГОДЫ И ОВОЩИ С/М;;
1;"Беби морковь ""FROZER"" 2,5кг ";5 060,00;
2;Беби морковь ARDO 1кг;1 430,00;Белгия
3;"Бобы Эдамаме ""ESORO"" 1кг";2 970,00;
4;Брокколи с/м 1кг (вес);1 375,00;Россия
5;"Брюссельская капуста ""ARDO"" 2,5кг";1 452,00;Россия
6;"Брюссельская капуста ""FROZANA"" 2,5кг";4 840,00;Россия
7;Брюссельская капуста с/м1кг (вес);2 420,00;Россия
8;"Горох ""FROZENA"" с/м 2,5 кг";4 840,00;Россия
9;"Горох Эдамаме ""ESORO"" с/м 0,5кг";2 178,00;Турция
10;Горошек зеленый с/м (вес);1 265,00;Россия
11;Капуста цветная с/м (вес);1 375,00;Россия
12;Кукуруза зерно с/м (вес);1 375,00;Россия
13;Кукуруза пачатки с/м (вес);2 365,00;Россия
14;"Луковые кольца ""FARM"" 1кг";2 640,00;Великобритания
15;"Луковые кольца ""FEAST"" 1.5кг";3 025,00;Турция
16;Манго кубики с/м 1кг;2 244,00;Россия
17;Морковь мини с/м 1кг;2 035,00;Россия
18;"Пюре Манго ""АГРОБАР"" с/м 1кг";4 235,00;Россия
19;"Пюре Маракуйя ""ECOPRODUCT"" 1кг";5 610,00;Вьетнам
20;"Пюре Маракуя ""АГРОБАР"" с/м 1кг";6 160,00;Россия
21;Спаржа с/м 1кг;4 840,00;Россия
22;"Фасоль ""FROZANA"" с/м 2,5 кг";3 630,00;Россия
23;Фасоль стручковая с/м;1 155,00;Россия
24;"Шпинат ""FROZENA"" с/м 2,5 кг";3 938,00;Россия
25;"Шпинат ""АРДО"" с/м 2,5кг";4 840,00;Россия
26;Шпинат с/м резанный 1кг;1 633,50;Россия
27;Ягода Брусника с/м 1кг;3 520,00;Россия
28;Ягода Смородина с/м 0,3кг;1 320,00;Украина
29;Ягоды Вишня с/м без косточки 1кг;3 872,00;Россия
30;Ягоды Ежевика с/м 1кг;2 805,00;Россия
31;Ягоды Клубника с/м 1кг;1 485,00;Россия
32;Ягоды Клюква дикая с/м 1кг;3 190,00;Россия
33;Ягоды Клюква садовая с/м 1кг;2 750,00;Россия
34;Ягоды Малина с/м 1кг;4 235,00;Россия
35;Ягоды Облепиха садовая с/м 1кг;1 536,70;Россия
36;Ягоды Смородина с/м 1кг;3 751,00;Россия
37;Ягоды Черника с/м;4 840,00;Россия
;Орехи;;
1;Арахис жареный;2 000,00;
2;Фисташки;7 000,00;
3;Грецкий орех;5 000,00;
;;;
